CardName,Count
Card0007,1
Card0162,1
Card0268,1
Card0283,1
Card0294,1
Card0305,1
Card0389,1
Card0402,1
Card0409,1
Card0501,1
Card0575,1
Card0600,1
Card0621,1
Card0716,1
Card0755,1
Card0811,1
Card0831,1
Card0858,1
Card0889,1
Card0924,1
Card0967,1
Card1051,1
Card1069,1
Card1071,1
Card1087,1
Card1098,1
Card1163,1
Card1181,1
Card1212,1
Card1220,1
Card1287,1
Card1427,1
Card1479,1
Card1490,1
Card1508,1
Card1560,1
Card1566,1
Card1647,1
Card1755,1
Card1831,1
Card1832,1
Card1862,1
Card2095,1
Card2103,1
Card2134,1
Card2197,1
Card2203,1
Card2258,1
Card2363,1
Card2438,1
Card2445,1
Card2470,1
Card2478,1
Card2507,1
Card2547,1
Card2566,1
Card2709,1
Card2750,1
Card2789,1
Card2808,1
Card2972,1
Card2983,1
Card2989,1
Card3144,1
Card3150,1
Card3215,1
Card3237,1
Card3343,1
Card3351,1
Card3359,1
Card3398,1
Card3417,1
Card3418,1
Card3419,1
Card3428,1
Card3433,1
Card3435,1
Card3474,1
Card3483,1
Card3590,1
Card3598,1
Card3753,1
Card3851,1
